Feature,Log-odds coefficient
Normalized Whole-Brain Volume,-1.2409266687117289
Male Sex,0.4392980367390325
Atlas Scaling Factor,0.0992437800867534
Estimated Total Intracranial Volume,0.029636930126848676
Age,-0.029396067194198364
