Mean Predicted Probability,Observed Prevalence,Rows
0.14092234043224947,0.0425531914893617,47
0.31143071964014807,0.2553191489361702,47
0.466992112786161,0.46808510638297873,47
0.6638396078221508,0.6808510638297872,47
0.8315069130390371,0.6808510638297872,47
